                  epoch,         train/box_loss,         train/cls_loss,         train/dfl_loss,   metrics/precision(B),      metrics/recall(B),       metrics/mAP50(B),    metrics/mAP50-95(B),           val/box_loss,           val/cls_loss,           val/dfl_loss,                 lr/pg0,                 lr/pg1,                 lr/pg2
                      0,                 1.1686,                 1.4004,                 1.2025,                0.65614,                0.56449,                0.62176,                 0.4605,                 1.0806,                 1.0897,                 1.1245,                 0.0937,                 0.0007,                 0.0007
                      1,                 1.1828,                 1.4001,                  1.241,                0.70164,                0.55532,                0.64104,                0.47361,                 1.0558,                   1.06,                 1.1113,               0.086485,              0.0014851,              0.0014851
                      2,                 1.1361,                 1.2951,                 1.2302,                0.66694,                0.60315,                0.66098,                0.49026,                 1.0642,                  1.021,                 1.1057,               0.079254,              0.0022545,              0.0022545
                      3,                 1.1192,                 1.1941,                 1.1853,                0.71615,                0.60865,                0.66507,                0.49709,                 1.0721,                  1.015,                 1.1107,               0.072008,              0.0030079,              0.0030079
                      4,                 1.0653,                 1.1919,                 1.1699,                0.70606,                0.59042,                0.66597,                0.49723,                 1.0882,                 1.0477,                 1.1186,               0.064746,              0.0037456,              0.0037456
